<?xml version="1.0" encoding="UTF-8"?>
<description xmlns="http://openoffice.org/extensions/description/2006" xmlns:d="http://openoffice.org/extensions/description/2006"  xmlns:xlink="http://www.w3.org/1999/xlink">
    <version value="2014.12.22" />
    <identifier value="org.openoffice.da.hunspell.dictionaries" />
    <display-name>
        <name lang="en">Spelling, thesaurus and hyphenation dictionary for Chichewa (Malawian Nyanje)</name>
        <name lang="mw">TODO</name>
    </display-name>
    <platform value="all" />
    <dependencies>
        <OpenOffice.org-minimal-version value="3.0" d:name="OpenOffice.org 3.0" />
    </dependencies>
    <registration>
        <simple-license accept-by="admin" default-license-id="en-US" suppress-on-update="false" >
            <license-text xlink:href="README_ny_MW.txt" lang="en-US" license-id="en-US" />
        </simple-license>
    </registration>
    <publisher>
        <name xlink:href="http://www.fairinternational.org" lang="mw">FAIR &amp; NICE</name>
    </publisher>
    <icon>
        <default xlink:href="Images/malawi-flag.png" />
    </icon>
    <extension-description>
        <src xlink:href="description/desc_ny_MW.txt" lang="ny" />
        <src xlink:href="description/desc_en_US.txt" lang="en" />
    </extension-description>
</description>

